0.0000,AXES,0=0.5429,1=0.3143,2=0.0000,3=0.0000,4=0.0000,5=0.0000,BUTTONS,1=0,2=0,3=0,4=0,5=0
0.0201,AXES,0=0.5429,1=0.3143,2=0.0000,3=0.0000,4=0.0000,5=0.0000,BUTTONS,1=0,2=0,3=0,4=0,5=0
0.0402,AXES,0=0.5429,1=0.3143,2=0.0000,3=0.0000,4=0.0000,5=0.0000,BUTTONS,1=0,2=0,3=0,4=0,5=0
0.0603,AXES,0=0.5429,1=0.3143,2=0.0000,3=0.0000,4=0.0000,5=0.0000,BUTTONS,1=0,2=0,3=0,4=0,5=0
0.0805,AXES,0=0.5429,1=0.3143,2=0.0000,3=0.0000,4=0.0000,5=0.0000,BUTTONS,1=0,2=0,3=0,4=0,5=0
0.1007,AXES,0=0.5429,1=0.3143,2=0.0000,3=0.0000,4=0.0000,5=0.0000,BUTTONS,1=0,2=0,3=0,4=0,5=0
0.1209,AXES,0=0.5429,1=0.3143,2=0.0000,3=0.0000,4=0.0000,5=0.0000,BUTTONS,1=0,2=0,3=0,4=0,5=0
0.1409,AXES,0=0.5429,1=0.3143,2=0.0000,3=0.0000,4=0.0000,5=0.0000,BUTTONS,1=0,2=0,3=0,4=0,5=0
0.1610,AXES,0=0.5429,1=0.3143,2=0.0000,3=0.0000,4=0.0000,5=0.0000,BUTTONS,1=0,2=0,3=0,4=0,5=0
0.1811,AXES,0=0.5429,1=0.3143,2=0.0000,3=0.0000,4=0.0000,5=0.0000,BUTTONS,1=0,2=0,3=0,4=0,5=0
0.2016,AXES,0=0.5429,1=0.3143,2=0.0000,3=0.0000,4=0.0000,5=0.0000,BUTTONS,1=0,2=0,3=0,4=0,5=0
0.2215,AXES,0=0.5429,1=0.3143,2=0.0000,3=0.0000,4=0.0000,5=0.0000,BUTTONS,1=0,2=0,3=0,4=0,5=0
0.2417,AXES,0=0.5429,1=0.3143,2=0.0000,3=0.0000,4=0.0000,5=0.0000,BUTTONS,1=0,2=0,3=0,4=0,5=0
0.2618,AXES,0=0.5429,1=0.3143,2=0.0000,3=0.0000,4=0.0000,5=0.0000,BUTTONS,1=0,2=0,3=0,4=0,5=0
0.2820,AXES,0=0.5429,1=0.3143,2=0.0000,3=0.0000,4=0.0000,5=0.0000,BUTTONS,1=0,2=0,3=0,4=0,5=0
0.3024,AXES,0=0.5429,1=0.3143,2=0.0000,3=0.0000,4=0.0000,5=0.0000,BUTTONS,1=0,2=0,3=0,4=0,5=0
0.3224,AXES,0=0.5429,1=0.3143,2=0.0000,3=0.0000,4=0.0000,5=0.0000,BUTTONS,1=0,2=0,3=0,4=0,5=0
0.3425,AXES,0=0.5429,1=0.3143,2=0.0000,3=0.0000,4=0.0000,5=0.0000,BUTTONS,1=0,2=0,3=0,4=0,5=0
0.3627,AXES,0=0.5429,1=0.3143,2=0.0000,3=0.0000,4=0.0000,5=0.0000,BUTTONS,1=0,2=0,3=0,4=0,5=0
0.3827,AXES,0=0.5429,1=0.3143,2=0.0000,3=0.0000,4=0.0000,5=0.0000,BUTTONS,1=0,2=0,3=0,4=0,5=0
0.4032,AXES,0=0.5429,1=0.3143,2=0.0000,3=0.0000,4=0.0000,5=0.0000,BUTTONS,1=0,2=0,3=0,4=0,5=0
0.4236,AXES,0=0.5429,1=0.3143,2=0.0000,3=0.0000,4=0.0000,5=0.0000,BUTTONS,1=0,2=0,3=0,4=0,5=0
0.4436,AXES,0=0.5429,1=0.3143,2=0.0000,3=0.0000,4=0.0000,5=0.0000,BUTTONS,1=0,2=0,3=0,4=0,5=0
0.4636,AXES,0=0.5429,1=0.3143,2=0.0000,3=0.0000,4=0.0000,5=0.0000,BUTTONS,1=0,2=0,3=0,4=0,5=0
0.4837,AXES,0=0.5429,1=0.3143,2=0.0000,3=0.0000,4=0.0000,5=0.0000,BUTTONS,1=0,2=0,3=0,4=0,5=0
0.5040,AXES,0=0.5429,1=0.3143,2=0.0000,3=0.0000,4=0.0000,5=0.0000,BUTTONS,1=0,2=0,3=0,4=0,5=0
0.5243,AXES,0=0.5429,1=0.3143,2=0.0000,3=0.0000,4=0.0000,5=0.0000,BUTTONS,1=0,2=0,3=0,4=0,5=0
0.5442,AXES,0=0.5429,1=0.3143,2=0.0000,3=0.0000,4=0.0000,5=0.0000,BUTTONS,1=0,2=0,3=0,4=0,5=0
0.5643,AXES,0=0.5429,1=0.3143,2=0.0000,3=0.0000,4=0.0000,5=0.0000,BUTTONS,1=0,2=0,3=0,4=0,5=0
0.5846,AXES,0=0.5429,1=0.3143,2=0.0000,3=0.0000,4=0.0000,5=0.0000,BUTTONS,1=0,2=0,3=0,4=0,5=0
0.6048,AXES,0=0.5429,1=0.3143,2=0.0000,3=0.0000,4=0.0000,5=0.0000,BUTTONS,1=0,2=0,3=0,4=0,5=0
0.6249,AXES,0=0.5429,1=0.3143,2=0.0000,3=0.0000,4=0.0000,5=0.0000,BUTTONS,1=0,2=0,3=0,4=0,5=0
0.6450,AXES,0=0.5429,1=0.3143,2=0.0000,3=0.0000,4=0.0000,5=0.0000,BUTTONS,1=0,2=0,3=0,4=0,5=0
0.6652,AXES,0=0.5429,1=0.3143,2=0.0000,3=0.0000,4=0.0000,5=0.0000,BUTTONS,1=0,2=0,3=0,4=0,5=0
0.6852,AXES,0=0.5429,1=0.3143,2=0.0000,3=0.0000,4=0.0000,5=0.0000,BUTTONS,1=0,2=0,3=0,4=0,5=0
0.7053,AXES,0=0.5429,1=0.3143,2=0.0000,3=0.0000,4=0.0000,5=0.0000,BUTTONS,1=0,2=0,3=0,4=0,5=0
0.7256,AXES,0=0.5429,1=0.3143,2=0.0000,3=0.0000,4=0.0000,5=0.0000,BUTTONS,1=0,2=0,3=0,4=0,5=0
0.7457,AXES,0=0.5429,1=0.3143,2=0.0000,3=0.0000,4=0.0000,5=0.0000,BUTTONS,1=0,2=0,3=0,4=0,5=0
0.7659,AXES,0=0.5429,1=0.3143,2=0.0000,3=0.0000,4=0.0000,5=0.0000,BUTTONS,1=0,2=0,3=0,4=0,5=0
0.7859,AXES,0=0.5429,1=0.3143,2=0.0000,3=0.0000,4=0.0000,5=0.0000,BUTTONS,1=0,2=0,3=0,4=0,5=0
0.8063,AXES,0=0.5429,1=0.3143,2=0.0000,3=0.0000,4=0.0000,5=0.0000,BUTTONS,1=0,2=0,3=0,4=0,5=0
0.8265,AXES,0=0.5429,1=0.3143,2=0.0000,3=0.0000,4=0.0000,5=0.0000,BUTTONS,1=0,2=0,3=0,4=0,5=0
0.8466,AXES,0=0.5429,1=0.3143,2=0.0000,3=0.0000,4=0.0000,5=0.0000,BUTTONS,1=0,2=0,3=0,4=0,5=0
0.8667,AXES,0=0.5429,1=0.3143,2=0.0000,3=0.0000,4=0.0000,5=0.0000,BUTTONS,1=0,2=0,3=0,4=0,5=0
0.8867,AXES,0=0.5429,1=0.3143,2=0.0000,3=0.0000,4=0.0000,5=0.0000,BUTTONS,1=0,2=0,3=0,4=0,5=0
0.9070,AXES,0=0.5429,1=0.3143,2=0.0000,3=0.0000,4=0.0000,5=0.0000,BUTTONS,1=0,2=0,3=0,4=0,5=0
0.9272,AXES,0=0.5429,1=0.3143,2=0.0000,3=0.0000,4=0.0000,5=0.0000,BUTTONS,1=0,2=0,3=0,4=0,5=0
0.9473,AXES,0=0.5429,1=0.3143,2=0.0000,3=0.0000,4=0.0000,5=0.0000,BUTTONS,1=0,2=0,3=0,4=0,5=0
0.9676,AXES,0=0.5429,1=0.3143,2=0.0000,3=0.0000,4=0.0000,5=0.0000,BUTTONS,1=0,2=0,3=0,4=0,5=0
0.9876,AXES,0=0.5429,1=0.3143,2=0.0000,3=0.0000,4=0.0000,5=0.0000,BUTTONS,1=0,2=0,3=0,4=0,5=0
1.0078,AXES,0=0.5429,1=0.3143,2=0.0000,3=0.0000,4=0.0000,5=0.0000,BUTTONS,1=0,2=0,3=0,4=0,5=0
1.0281,AXES,0=0.5429,1=0.3143,2=0.0000,3=0.0000,4=0.0000,5=0.0000,BUTTONS,1=0,2=0,3=0,4=0,5=0
1.0481,AXES,0=0.5429,1=0.3143,2=0.0000,3=0.0000,4=0.0000,5=0.0000,BUTTONS,1=0,2=0,3=0,4=0,5=0
1.0682,AXES,0=0.5429,1=0.3143,2=0.0000,3=0.0000,4=0.0000,5=0.0000,BUTTONS,1=0,2=0,3=0,4=0,5=0
1.0884,AXES,0=0.5429,1=0.3143,2=0.0000,3=0.0000,4=0.0000,5=0.0000,BUTTONS,1=0,2=0,3=0,4=0,5=0
1.1086,AXES,0=0.5429,1=0.3143,2=0.0000,3=0.0000,4=0.0000,5=0.0000,BUTTONS,1=0,2=0,3=0,4=0,5=0
1.1288,AXES,0=0.5429,1=0.3143,2=0.0000,3=0.0000,4=0.0000,5=0.0000,BUTTONS,1=0,2=0,3=0,4=0,5=0
1.1489,AXES,0=0.5429,1=0.3143,2=0.0000,3=0.0000,4=0.0000,5=0.0000,BUTTONS,1=0,2=0,3=0,4=0,5=0
1.1690,AXES,0=0.5429,1=0.3143,2=0.0000,3=0.0000,4=0.0000,5=0.0000,BUTTONS,1=0,2=0,3=0,4=0,5=0
1.1892,AXES,0=0.5429,1=0.3143,2=0.0000,3=0.0000,4=0.0000,5=0.0000,BUTTONS,1=0,2=0,3=0,4=0,5=0
1.2093,AXES,0=0.5429,1=0.3143,2=0.0000,3=0.0000,4=0.0000,5=0.0000,BUTTONS,1=0,2=0,3=0,4=0,5=0
1.2295,AXES,0=0.5429,1=0.3143,2=0.0000,3=0.0000,4=0.0000,5=0.0000,BUTTONS,1=0,2=0,3=0,4=0,5=0
1.2496,AXES,0=0.5429,1=0.3143,2=0.0000,3=0.0000,4=0.0000,5=0.0000,BUTTONS,1=0,2=0,3=0,4=0,5=0
1.2699,AXES,0=0.5429,1=0.3143,2=0.0000,3=0.0000,4=0.0000,5=0.0000,BUTTONS,1=0,2=0,3=0,4=0,5=0
1.2900,AXES,0=0.5429,1=0.3143,2=0.0000,3=0.0000,4=0.0000,5=0.0000,BUTTONS,1=0,2=0,3=0,4=0,5=0
1.3102,AXES,0=0.5429,1=0.3143,2=0.0000,3=0.0000,4=0.0000,5=0.0000,BUTTONS,1=0,2=0,3=0,4=0,5=0
1.3304,AXES,0=0.5429,1=0.3143,2=0.0000,3=0.0000,4=0.0000,5=0.0000,BUTTONS,1=0,2=0,3=0,4=0,5=0
1.3505,AXES,0=0.5429,1=0.3143,2=0.0000,3=0.0000,4=0.0000,5=0.0000,BUTTONS,1=0,2=0,3=0,4=0,5=0
1.3706,AXES,0=0.5429,1=0.3143,2=0.0000,3=0.0000,4=0.0000,5=0.0000,BUTTONS,1=0,2=0,3=0,4=0,5=0
1.3907,AXES,0=0.5429,1=0.3143,2=0.0000,3=0.0000,4=0.0000,5=0.0000,BUTTONS,1=0,2=0,3=0,4=0,5=0
1.4109,AXES,0=0.5429,1=0.3143,2=0.0000,3=0.0000,4=0.0000,5=0.0000,BUTTONS,1=0,2=0,3=0,4=0,5=0
1.4311,AXES,0=0.5429,1=0.3143,2=0.0000,3=0.0000,4=0.0000,5=0.0000,BUTTONS,1=0,2=0,3=0,4=0,5=0
1.4512,AXES,0=0.5429,1=0.3143,2=0.0000,3=0.0000,4=0.0000,5=0.0000,BUTTONS,1=0,2=0,3=0,4=0,5=0
1.4713,AXES,0=0.5429,1=0.3143,2=0.0000,3=0.0000,4=0.0000,5=0.0000,BUTTONS,1=0,2=0,3=0,4=0,5=0
1.4916,AXES,0=0.5429,1=0.3143,2=0.0000,3=0.0000,4=0.0000,5=0.0000,BUTTONS,1=0,2=0,3=0,4=0,5=0
1.5117,AXES,0=0.5429,1=0.3143,2=0.0000,3=0.0000,4=0.0000,5=0.0000,BUTTONS,1=0,2=0,3=0,4=0,5=0
1.5322,AXES,0=0.5429,1=0.3143,2=0.0000,3=0.0000,4=0.0000,5=0.0000,BUTTONS,1=0,2=0,3=0,4=0,5=0
1.5521,AXES,0=0.5429,1=0.3143,2=0.0000,3=0.0000,4=0.0000,5=0.0000,BUTTONS,1=0,2=0,3=0,4=0,5=0
1.5722,AXES,0=0.5429,1=0.3143,2=0.0000,3=0.0000,4=0.0000,5=0.0000,BUTTONS,1=0,2=0,3=0,4=0,5=0
1.5923,AXES,0=0.5429,1=0.3143,2=0.0000,3=0.0000,4=0.0000,5=0.0000,BUTTONS,1=0,2=0,3=0,4=0,5=0
1.6124,AXES,0=0.5429,1=0.3143,2=0.0000,3=0.0000,4=0.0000,5=0.0000,BUTTONS,1=0,2=0,3=0,4=0,5=0
1.6328,AXES,0=0.5429,1=0.3143,2=0.0000,3=0.0000,4=0.0000,5=0.0000,BUTTONS,1=0,2=0,3=0,4=0,5=0
1.6529,AXES,0=0.5429,1=0.3143,2=0.0000,3=0.0000,4=0.0000,5=0.0000,BUTTONS,1=0,2=0,3=0,4=0,5=0
1.6730,AXES,0=0.5429,1=0.3143,2=0.0000,3=0.0000,4=0.0000,5=0.0000,BUTTONS,1=0,2=0,3=0,4=0,5=0
1.6931,AXES,0=0.5429,1=0.3143,2=0.0000,3=0.0000,4=0.0000,5=0.0000,BUTTONS,1=0,2=0,3=0,4=0,5=0
1.7133,AXES,0=0.5429,1=0.3143,2=0.0000,3=0.0000,4=0.0000,5=0.0000,BUTTONS,1=0,2=0,3=0,4=0,5=0
1.7336,AXES,0=0.5429,1=0.3143,2=0.0000,3=0.0000,4=0.0000,5=0.0000,BUTTONS,1=0,2=0,3=0,4=0,5=0
1.7537,AXES,0=0.5429,1=0.3143,2=0.0000,3=0.0000,4=0.0000,5=0.0000,BUTTONS,1=0,2=0,3=0,4=0,5=0
1.7738,AXES,0=0.5429,1=0.3143,2=0.0000,3=0.0000,4=0.0000,5=0.0000,BUTTONS,1=0,2=0,3=0,4=0,5=0
1.7940,AXES,0=0.5429,1=0.3143,2=0.0000,3=0.0000,4=0.0000,5=0.0000,BUTTONS,1=0,2=0,3=0,4=0,5=0
1.8140,AXES,0=0.5429,1=0.3143,2=0.0000,3=0.0000,4=0.0000,5=0.0000,BUTTONS,1=0,2=0,3=0,4=0,5=0
1.8343,AXES,0=0.5429,1=0.3143,2=0.0000,3=0.0000,4=0.0000,5=0.0000,BUTTONS,1=0,2=0,3=0,4=0,5=0
1.8544,AXES,0=0.5429,1=0.3143,2=0.0000,3=0.0000,4=0.0000,5=0.0000,BUTTONS,1=0,2=0,3=0,4=0,5=0
1.8745,AXES,0=0.5429,1=0.3143,2=0.0000,3=0.0000,4=0.0000,5=0.0000,BUTTONS,1=0,2=0,3=0,4=0,5=0
1.8947,AXES,0=0.5429,1=0.3143,2=0.0000,3=0.0000,4=0.0000,5=0.0000,BUTTONS,1=0,2=0,3=0,4=0,5=0
1.9148,AXES,0=0.5429,1=0.3143,2=0.0000,3=0.0000,4=0.0000,5=0.0000,BUTTONS,1=0,2=0,3=0,4=0,5=0
1.9350,AXES,0=0.5429,1=0.3143,2=0.0000,3=0.0000,4=0.0000,5=0.0000,BUTTONS,1=0,2=0,3=0,4=0,5=0
1.9551,AXES,0=0.5429,1=0.3143,2=0.0000,3=0.0000,4=0.0000,5=0.0000,BUTTONS,1=0,2=0,3=0,4=0,5=0
1.9753,AXES,0=0.5429,1=0.3143,2=0.0000,3=0.0000,4=0.0000,5=0.0000,BUTTONS,1=0,2=0,3=0,4=0,5=0
1.9955,AXES,0=0.5429,1=0.3143,2=0.0000,3=0.0000,4=0.0000,5=0.0000,BUTTONS,1=0,2=0,3=0,4=0,5=0
2.0155,AXES,0=0.5429,1=0.3143,2=0.0000,3=0.0000,4=0.0000,5=0.0000,BUTTONS,1=0,2=0,3=0,4=0,5=0
2.0358,AXES,0=0.5429,1=0.3143,2=0.0000,3=0.0000,4=0.0000,5=0.0000,BUTTONS,1=0,2=0,3=0,4=0,5=0
2.0559,AXES,0=0.5429,1=0.3143,2=0.0000,3=0.0000,4=0.0000,5=0.0000,BUTTONS,1=0,2=0,3=0,4=0,5=0
2.0762,AXES,0=0.5429,1=0.3143,2=0.0000,3=0.0000,4=0.0000,5=0.0000,BUTTONS,1=0,2=0,3=0,4=0,5=0
2.0962,AXES,0=0.5429,1=0.3143,2=0.0000,3=0.0000,4=0.0000,5=0.0000,BUTTONS,1=0,2=0,3=0,4=0,5=0
2.1164,AXES,0=0.5429,1=0.3143,2=0.0000,3=0.0000,4=0.0000,5=0.0000,BUTTONS,1=0,2=0,3=0,4=0,5=0
2.1367,AXES,0=0.5429,1=0.3143,2=0.0000,3=0.0000,4=0.0000,5=0.0000,BUTTONS,1=0,2=0,3=0,4=0,5=0
2.1567,AXES,0=0.5429,1=0.3143,2=0.0000,3=0.0000,4=0.0000,5=0.0000,BUTTONS,1=0,2=0,3=0,4=0,5=0
2.1768,AXES,0=0.5429,1=0.3143,2=0.0000,3=0.0000,4=0.0000,5=0.0000,BUTTONS,1=0,2=0,3=0,4=0,5=0
2.1969,AXES,0=0.5429,1=0.3143,2=0.0000,3=0.0000,4=0.0000,5=0.0000,BUTTONS,1=0,2=0,3=0,4=0,5=0
2.2171,AXES,0=0.5429,1=0.3143,2=0.0000,3=0.0000,4=0.0000,5=0.0000,BUTTONS,1=0,2=0,3=0,4=0,5=0
2.2373,AXES,0=0.5429,1=0.3143,2=0.0000,3=0.0000,4=0.0000,5=0.0000,BUTTONS,1=0,2=0,3=0,4=0,5=0
2.2574,AXES,0=0.5429,1=0.3143,2=0.0000,3=0.0000,4=0.0000,5=0.0000,BUTTONS,1=0,2=0,3=0,4=0,5=0
2.2776,AXES,0=0.5429,1=0.3143,2=0.0000,3=0.0000,4=0.0000,5=0.0000,BUTTONS,1=0,2=0,3=0,4=0,5=0
2.2978,AXES,0=0.5429,1=0.3143,2=0.0000,3=0.0000,4=0.0000,5=0.0000,BUTTONS,1=0,2=0,3=0,4=0,5=0
2.3179,AXES,0=0.5429,1=0.3143,2=0.0000,3=0.0000,4=0.0000,5=0.0000,BUTTONS,1=0,2=0,3=0,4=0,5=0
2.3383,AXES,0=0.5429,1=0.3143,2=0.0000,3=0.0000,4=0.0000,5=0.0000,BUTTONS,1=0,2=0,3=0,4=0,5=0
2.3583,AXES,0=0.5429,1=0.3143,2=0.0000,3=0.0000,4=0.0000,5=0.0000,BUTTONS,1=0,2=0,3=0,4=0,5=0
2.3785,AXES,0=0.5429,1=0.3143,2=0.0000,3=0.0000,4=0.0000,5=0.0000,BUTTONS,1=0,2=0,3=0,4=0,5=0
2.3986,AXES,0=0.5429,1=0.3143,2=0.0000,3=0.0000,4=0.0000,5=0.0000,BUTTONS,1=0,2=0,3=0,4=0,5=0
2.4187,AXES,0=0.5429,1=0.3143,2=0.0000,3=0.0000,4=0.0000,5=0.0000,BUTTONS,1=0,2=0,3=0,4=0,5=0
2.4390,AXES,0=0.5429,1=0.3143,2=0.0000,3=0.0000,4=0.0000,5=0.0000,BUTTONS,1=0,2=0,3=0,4=0,5=0
2.4590,AXES,0=0.5429,1=0.3143,2=0.0000,3=0.0000,4=0.0000,5=0.0000,BUTTONS,1=0,2=0,3=0,4=0,5=0
2.4791,AXES,0=0.5429,1=0.3143,2=0.0000,3=0.0000,4=0.0000,5=0.0000,BUTTONS,1=0,2=0,3=0,4=0,5=0
2.4993,AXES,0=0.5429,1=0.3143,2=0.0000,3=0.0000,4=0.0000,5=0.0000,BUTTONS,1=0,2=0,3=0,4=0,5=0
2.5195,AXES,0=0.5429,1=0.3143,2=0.0000,3=0.0000,4=0.0000,5=0.0000,BUTTONS,1=0,2=0,3=0,4=0,5=0
2.5398,AXES,0=0.5429,1=0.3143,2=0.0000,3=0.0000,4=0.0000,5=0.0000,BUTTONS,1=0,2=0,3=0,4=0,5=0
2.5598,AXES,0=0.5429,1=0.3143,2=0.0000,3=0.0000,4=0.0000,5=0.0000,BUTTONS,1=0,2=0,3=0,4=0,5=0
2.5799,AXES,0=0.5429,1=0.3143,2=0.0000,3=0.0000,4=0.0000,5=0.0000,BUTTONS,1=0,2=0,3=0,4=0,5=0
2.6000,AXES,0=0.5429,1=0.3143,2=0.0000,3=0.0000,4=0.0000,5=0.0000,BUTTONS,1=0,2=0,3=0,4=0,5=0
2.6202,AXES,0=0.5429,1=0.3143,2=0.0000,3=0.0000,4=0.0000,5=0.0000,BUTTONS,1=0,2=0,3=0,4=0,5=0
2.6405,AXES,0=0.5429,1=0.3143,2=0.0000,3=0.0000,4=0.0000,5=0.0000,BUTTONS,1=0,2=0,3=0,4=0,5=0
2.6605,AXES,0=0.5429,1=0.3143,2=0.0000,3=0.0000,4=0.0000,5=0.0000,BUTTONS,1=0,2=0,3=0,4=0,5=0
2.6807,AXES,0=0.5429,1=0.3143,2=0.0000,3=0.0000,4=0.0000,5=0.0000,BUTTONS,1=0,2=0,3=0,4=0,5=0
2.7009,AXES,0=0.5429,1=0.3143,2=0.0000,3=0.0000,4=0.0000,5=0.0000,BUTTONS,1=0,2=0,3=0,4=0,5=0
2.7210,AXES,0=0.5429,1=0.3143,2=0.0000,3=0.0000,4=0.0000,5=0.0000,BUTTONS,1=0,2=0,3=0,4=0,5=0
2.7412,AXES,0=0.5429,1=0.3143,2=0.0000,3=0.0000,4=0.0000,5=0.0000,BUTTONS,1=0,2=0,3=0,4=0,5=0
2.7613,AXES,0=0.5429,1=0.3143,2=0.0000,3=0.0000,4=0.0000,5=0.0000,BUTTONS,1=0,2=0,3=0,4=0,5=0
2.7815,AXES,0=0.5429,1=0.3143,2=0.0000,3=0.0000,4=0.0000,5=0.0000,BUTTONS,1=0,2=0,3=0,4=0,5=0
2.8017,AXES,0=0.5429,1=0.3143,2=0.0000,3=0.0000,4=0.0000,5=0.0000,BUTTONS,1=0,2=0,3=0,4=0,5=0
2.8218,AXES,0=0.5429,1=0.3143,2=0.0000,3=0.0000,4=0.0000,5=0.0000,BUTTONS,1=0,2=0,3=0,4=0,5=0
2.8420,AXES,0=0.5429,1=0.3143,2=0.0000,3=0.0000,4=0.0000,5=0.0000,BUTTONS,1=0,2=0,3=0,4=0,5=0
2.8621,AXES,0=0.5429,1=0.3143,2=0.0000,3=0.0000,4=0.0000,5=0.0000,BUTTONS,1=0,2=0,3=0,4=0,5=0
2.8823,AXES,0=0.5429,1=0.3143,2=0.0000,3=0.0000,4=0.0000,5=0.0000,BUTTONS,1=0,2=0,3=0,4=0,5=0
2.9024,AXES,0=0.5429,1=0.3143,2=0.0000,3=0.0000,4=0.0000,5=0.0000,BUTTONS,1=0,2=0,3=0,4=0,5=0
2.9226,AXES,0=0.5429,1=0.3143,2=0.0000,3=0.0000,4=0.0000,5=0.0000,BUTTONS,1=0,2=0,3=0,4=0,5=0
2.9428,AXES,0=0.5429,1=0.3143,2=0.0000,3=0.0000,4=0.0000,5=0.0000,BUTTONS,1=0,2=0,3=0,4=0,5=0
2.9628,AXES,0=0.5429,1=0.3143,2=0.0000,3=0.0000,4=0.0000,5=0.0000,BUTTONS,1=0,2=0,3=0,4=0,5=0
2.9829,AXES,0=0.5429,1=0.3143,2=0.0000,3=0.0000,4=0.0000,5=0.0000,BUTTONS,1=0,2=0,3=0,4=0,5=0
3.0031,AXES,0=0.5429,1=0.3143,2=0.0000,3=0.0000,4=0.0000,5=0.0000,BUTTONS,1=0,2=0,3=0,4=0,5=0
3.0232,AXES,0=0.5429,1=0.3143,2=0.0000,3=0.0000,4=0.0000,5=0.0000,BUTTONS,1=0,2=0,3=0,4=0,5=0
3.0435,AXES,0=0.5429,1=0.3143,2=0.0000,3=0.0000,4=0.0000,5=0.0000,BUTTONS,1=0,2=0,3=0,4=0,5=0
3.0637,AXES,0=0.5429,1=0.3143,2=0.0000,3=0.0000,4=0.0000,5=0.0000,BUTTONS,1=0,2=0,3=0,4=0,5=0
3.0837,AXES,0=0.5429,1=0.3143,2=0.0000,3=0.0000,4=0.0000,5=0.0000,BUTTONS,1=0,2=0,3=0,4=0,5=0
3.1039,AXES,0=0.5429,1=0.3143,2=0.0000,3=0.0000,4=0.0000,5=0.0000,BUTTONS,1=0,2=0,3=0,4=0,5=0
3.1240,AXES,0=0.5429,1=0.3143,2=0.0000,3=0.0000,4=0.0000,5=0.0000,BUTTONS,1=0,2=0,3=0,4=0,5=0
3.1442,AXES,0=0.5429,1=0.3143,2=0.0000,3=0.0000,4=0.0000,5=0.0000,BUTTONS,1=0,2=0,3=0,4=0,5=0
3.1643,AXES,0=0.5429,1=0.3143,2=0.0000,3=0.0000,4=0.0000,5=0.0000,BUTTONS,1=0,2=0,3=0,4=0,5=0
3.1845,AXES,0=0.5429,1=0.3143,2=0.0000,3=0.0000,4=0.0000,5=0.0000,BUTTONS,1=0,2=0,3=0,4=0,5=0
3.2046,AXES,0=0.5429,1=0.3143,2=0.0000,3=0.0000,4=0.0000,5=0.0000,BUTTONS,1=0,2=0,3=0,4=0,5=0
3.2247,AXES,0=0.5429,1=0.3143,2=0.0000,3=0.0000,4=0.0000,5=0.0000,BUTTONS,1=0,2=0,3=0,4=0,5=0
3.2450,AXES,0=0.5429,1=0.3143,2=0.0000,3=0.0000,4=0.0000,5=0.0000,BUTTONS,1=0,2=0,3=0,4=0,5=0
3.2651,AXES,0=0.5429,1=0.3143,2=0.0000,3=0.0000,4=0.0000,5=0.0000,BUTTONS,1=0,2=0,3=0,4=0,5=0
3.2852,AXES,0=0.5429,1=0.3143,2=0.0000,3=0.0000,4=0.0000,5=0.0000,BUTTONS,1=0,2=0,3=0,4=0,5=0
3.3053,AXES,0=0.5429,1=0.3143,2=0.0000,3=0.0000,4=0.0000,5=0.0000,BUTTONS,1=0,2=0,3=0,4=0,5=0
3.3257,AXES,0=0.5429,1=0.3143,2=0.0000,3=0.0000,4=0.0000,5=0.0000,BUTTONS,1=0,2=0,3=0,4=0,5=0
3.3458,AXES,0=0.5429,1=0.3143,2=0.0000,3=0.0000,4=0.0000,5=0.0000,BUTTONS,1=0,2=0,3=0,4=0,5=0
3.3658,AXES,0=0.5429,1=0.3143,2=0.0000,3=0.0000,4=0.0000,5=0.0000,BUTTONS,1=0,2=0,3=0,4=0,5=0
3.3859,AXES,0=0.5429,1=0.3143,2=0.0000,3=0.0000,4=0.0000,5=0.0000,BUTTONS,1=0,2=0,3=0,4=0,5=0
3.4060,AXES,0=0.5429,1=0.3143,2=0.0000,3=0.0000,4=0.0000,5=0.0000,BUTTONS,1=0,2=0,3=0,4=0,5=0
3.4262,AXES,0=0.5429,1=0.3143,2=0.0000,3=0.0000,4=0.0000,5=0.0000,BUTTONS,1=0,2=0,3=0,4=0,5=0
3.4466,AXES,0=0.5429,1=0.3143,2=0.0000,3=0.0000,4=0.0000,5=0.0000,BUTTONS,1=0,2=0,3=0,4=0,5=0
3.4665,AXES,0=0.5429,1=0.3143,2=0.0000,3=0.0000,4=0.0000,5=0.0000,BUTTONS,1=0,2=0,3=0,4=0,5=0
3.4867,AXES,0=0.5429,1=0.3143,2=0.0000,3=0.0000,4=0.0000,5=0.0000,BUTTONS,1=0,2=0,3=0,4=0,5=0
3.5069,AXES,0=0.5429,1=0.3143,2=0.0000,3=0.0000,4=0.0000,5=0.0000,BUTTONS,1=0,2=0,3=0,4=0,5=0
3.5270,AXES,0=0.5429,1=0.3143,2=0.0000,3=0.0000,4=0.0000,5=0.0000,BUTTONS,1=0,2=0,3=0,4=0,5=0
3.5481,AXES,0=0.5429,1=0.3143,2=0.0000,3=0.0000,4=0.0000,5=0.0000,BUTTONS,1=0,2=0,3=0,4=0,5=0
3.5674,AXES,0=0.5429,1=0.3143,2=0.0000,3=0.0000,4=0.0000,5=0.0000,BUTTONS,1=0,2=0,3=0,4=0,5=0
3.5874,AXES,0=0.5429,1=0.3143,2=0.0000,3=0.0000,4=0.0000,5=0.0000,BUTTONS,1=0,2=0,3=0,4=0,5=0
3.6076,AXES,0=0.5429,1=0.3143,2=0.0000,3=0.0000,4=0.0000,5=0.0000,BUTTONS,1=0,2=0,3=0,4=0,5=0
3.6277,AXES,0=0.5429,1=0.3143,2=0.0000,3=0.0000,4=0.0000,5=0.0000,BUTTONS,1=0,2=0,3=0,4=0,5=0
3.6479,AXES,0=0.5429,1=0.3143,2=0.0000,3=0.0000,4=0.0000,5=0.0000,BUTTONS,1=0,2=0,3=0,4=0,5=0
3.6682,AXES,0=0.5429,1=0.3143,2=0.0000,3=0.0000,4=0.0000,5=0.0000,BUTTONS,1=0,2=0,3=0,4=0,5=0
3.6882,AXES,0=0.5429,1=0.3143,2=0.0000,3=0.0000,4=0.0000,5=0.0000,BUTTONS,1=0,2=0,3=0,4=0,5=0
3.7085,AXES,0=0.5429,1=0.3143,2=0.0000,3=0.0000,4=0.0000,5=0.0000,BUTTONS,1=0,2=0,3=0,4=0,5=0
3.7286,AXES,0=0.5429,1=0.3143,2=0.0000,3=0.0000,4=0.0000,5=0.0000,BUTTONS,1=0,2=0,3=0,4=0,5=0
3.7487,AXES,0=0.5429,1=0.3143,2=0.0000,3=0.0000,4=0.0000,5=0.0000,BUTTONS,1=0,2=0,3=0,4=0,5=0
3.7690,AXES,0=0.5429,1=0.3143,2=0.0000,3=0.0000,4=0.0000,5=0.0000,BUTTONS,1=0,2=0,3=0,4=0,5=0
3.7890,AXES,0=0.5429,1=0.3143,2=0.0000,3=0.0000,4=0.0000,5=0.0000,BUTTONS,1=0,2=0,3=0,4=0,5=0
3.8092,AXES,0=0.5429,1=0.3143,2=0.0000,3=0.0000,4=0.0000,5=0.0000,BUTTONS,1=0,2=0,3=0,4=0,5=0
3.8293,AXES,0=0.5429,1=0.3143,2=0.0000,3=0.0000,4=0.0000,5=0.0000,BUTTONS,1=0,2=0,3=0,4=0,5=0
3.8495,AXES,0=0.5429,1=0.3143,2=0.0000,3=0.0000,4=0.0000,5=0.0000,BUTTONS,1=0,2=0,3=0,4=0,5=0
3.8698,AXES,0=0.5429,1=0.3143,2=0.0000,3=0.0000,4=0.0000,5=0.0000,BUTTONS,1=0,2=0,3=0,4=0,5=0
3.8899,AXES,0=0.5429,1=0.3143,2=0.0000,3=0.0000,4=0.0000,5=0.0000,BUTTONS,1=0,2=0,3=0,4=0,5=0
3.9100,AXES,0=0.5429,1=0.3143,2=0.0000,3=0.0000,4=0.0000,5=0.0000,BUTTONS,1=0,2=0,3=0,4=0,5=0
3.9302,AXES,0=0.5429,1=0.3143,2=0.0000,3=0.0000,4=0.0000,5=0.0000,BUTTONS,1=0,2=0,3=0,4=0,5=0
3.9503,AXES,0=0.5429,1=0.3143,2=0.0000,3=0.0000,4=0.0000,5=0.0000,BUTTONS,1=0,2=0,3=0,4=0,5=0
3.9707,AXES,0=0.5429,1=0.3143,2=0.0000,3=0.0000,4=0.0000,5=0.0000,BUTTONS,1=0,2=0,3=0,4=0,5=0
3.9908,AXES,0=0.5429,1=0.3143,2=0.0000,3=0.0000,4=0.0000,5=0.0000,BUTTONS,1=0,2=0,3=0,4=0,5=0
4.0109,AXES,0=0.5429,1=0.3143,2=0.0000,3=0.0000,4=0.0000,5=0.0000,BUTTONS,1=0,2=0,3=0,4=0,5=0
4.0311,AXES,0=0.5429,1=0.3143,2=0.0000,3=0.0000,4=0.0000,5=0.0000,BUTTONS,1=0,2=0,3=0,4=0,5=0
4.0512,AXES,0=0.5429,1=0.3143,2=0.0000,3=0.0000,4=0.0000,5=0.0000,BUTTONS,1=0,2=0,3=0,4=0,5=0
4.0715,AXES,0=0.5429,1=0.3143,2=0.0000,3=0.0000,4=0.0000,5=0.0000,BUTTONS,1=0,2=0,3=0,4=0,5=0
4.0916,AXES,0=0.5429,1=0.3143,2=0.0000,3=0.0000,4=0.0000,5=0.0000,BUTTONS,1=0,2=0,3=0,4=0,5=0
4.1116,AXES,0=0.5429,1=0.3143,2=0.0000,3=0.0000,4=0.0000,5=0.0000,BUTTONS,1=0,2=0,3=0,4=0,5=0
4.1317,AXES,0=0.5429,1=0.3143,2=0.0000,3=0.0000,4=0.0000,5=0.0000,BUTTONS,1=0,2=0,3=0,4=0,5=0
4.1519,AXES,0=0.5429,1=0.3143,2=0.0000,3=0.0000,4=0.0000,5=0.0000,BUTTONS,1=0,2=0,3=0,4=0,5=0
4.1720,AXES,0=0.5429,1=0.3143,2=0.0000,3=0.0000,4=0.0000,5=0.0000,BUTTONS,1=0,2=0,3=0,4=0,5=0
4.1922,AXES,0=0.5429,1=0.3143,2=0.0000,3=0.0000,4=0.0000,5=0.0000,BUTTONS,1=0,2=0,3=0,4=0,5=0
4.2122,AXES,0=0.5429,1=0.3143,2=0.0000,3=0.0000,4=0.0000,5=0.0000,BUTTONS,1=0,2=0,3=0,4=0,5=0
4.2325,AXES,0=0.5429,1=0.3143,2=0.0000,3=0.0000,4=0.0000,5=0.0000,BUTTONS,1=0,2=0,3=0,4=0,5=0
4.2525,AXES,0=0.5429,1=0.3143,2=0.0000,3=0.0000,4=0.0000,5=0.0000,BUTTONS,1=0,2=0,3=0,4=0,5=0
4.2728,AXES,0=0.5429,1=0.3143,2=0.0000,3=0.0000,4=0.0000,5=0.0000,BUTTONS,1=0,2=0,3=0,4=0,5=0
4.2928,AXES,0=0.5429,1=0.3143,2=0.0000,3=0.0000,4=0.0000,5=0.0000,BUTTONS,1=0,2=0,3=0,4=0,5=0
4.3131,AXES,0=0.5429,1=0.3143,2=0.0000,3=0.0000,4=0.0000,5=0.0000,BUTTONS,1=0,2=0,3=0,4=0,5=0
4.3332,AXES,0=0.5429,1=0.3143,2=0.0000,3=0.0000,4=0.0000,5=0.0000,BUTTONS,1=0,2=0,3=0,4=0,5=0
4.3532,AXES,0=0.5429,1=0.3143,2=0.0000,3=0.0000,4=0.0000,5=0.0000,BUTTONS,1=0,2=0,3=0,4=0,5=0
4.3736,AXES,0=0.5429,1=0.3143,2=0.0000,3=0.0000,4=0.0000,5=0.0000,BUTTONS,1=0,2=0,3=0,4=0,5=0
4.3937,AXES,0=0.5429,1=0.3143,2=0.0000,3=0.0000,4=0.0000,5=0.0000,BUTTONS,1=0,2=0,3=0,4=0,5=0
4.4138,AXES,0=0.5429,1=0.3143,2=0.0000,3=0.0000,4=0.0000,5=0.0000,BUTTONS,1=0,2=0,3=0,4=0,5=0
4.4340,AXES,0=0.5429,1=0.3143,2=0.0000,3=0.0000,4=0.0000,5=0.0000,BUTTONS,1=0,2=0,3=0,4=0,5=0
4.4542,AXES,0=0.5429,1=0.3143,2=0.0000,3=0.0000,4=0.0000,5=0.0000,BUTTONS,1=0,2=0,3=0,4=0,5=0
4.4744,AXES,0=0.5429,1=0.3143,2=0.0000,3=0.0000,4=0.0000,5=0.0000,BUTTONS,1=0,2=0,3=0,4=0,5=0
4.4945,AXES,0=0.5429,1=0.3143,2=0.0000,3=0.0000,4=0.0000,5=0.0000,BUTTONS,1=0,2=0,3=0,4=0,5=0
4.5146,AXES,0=0.5429,1=0.3143,2=0.0000,3=0.0000,4=0.0000,5=0.0000,BUTTONS,1=0,2=0,3=0,4=0,5=0
4.5348,AXES,0=0.5429,1=0.3143,2=0.0000,3=0.0000,4=0.0000,5=0.0000,BUTTONS,1=0,2=0,3=0,4=0,5=0
4.5549,AXES,0=0.5429,1=0.3143,2=0.0000,3=0.0000,4=0.0000,5=0.0000,BUTTONS,1=0,2=0,3=0,4=0,5=0
4.5752,AXES,0=0.5429,1=0.3143,2=0.0000,3=0.0000,4=0.0000,5=0.0000,BUTTONS,1=0,2=0,3=0,4=0,5=0
4.5953,AXES,0=0.5429,1=0.3143,2=0.0000,3=0.0000,4=0.0000,5=0.0000,BUTTONS,1=0,2=0,3=0,4=0,5=0
4.6155,AXES,0=0.5429,1=0.3143,2=0.0000,3=0.0000,4=0.0000,5=0.0000,BUTTONS,1=0,2=0,3=0,4=0,5=0
4.6356,AXES,0=0.5429,1=0.3143,2=0.0000,3=0.0000,4=0.0000,5=0.0000,BUTTONS,1=0,2=0,3=0,4=0,5=0
4.6557,AXES,0=0.5429,1=0.3143,2=0.0000,3=0.0000,4=0.0000,5=0.0000,BUTTONS,1=0,2=0,3=0,4=0,5=0
4.6760,AXES,0=0.5429,1=0.3143,2=0.0000,3=0.0000,4=0.0000,5=0.0000,BUTTONS,1=0,2=0,3=0,4=0,5=0
4.6961,AXES,0=0.5429,1=0.3143,2=0.0000,3=0.0000,4=0.0000,5=0.0000,BUTTONS,1=0,2=0,3=0,4=0,5=0
4.7163,AXES,0=0.5429,1=0.3143,2=0.0000,3=0.0000,4=0.0000,5=0.0000,BUTTONS,1=0,2=0,3=0,4=0,5=0
4.7364,AXES,0=0.5429,1=0.3143,2=0.0000,3=0.0000,4=0.0000,5=0.0000,BUTTONS,1=0,2=0,3=0,4=0,5=0
4.7566,AXES,0=0.5429,1=0.3143,2=0.0000,3=0.0000,4=0.0000,5=0.0000,BUTTONS,1=0,2=0,3=0,4=0,5=0
4.7768,AXES,0=0.5429,1=0.3143,2=0.0000,3=0.0000,4=0.0000,5=0.0000,BUTTONS,1=0,2=0,3=0,4=0,5=0
4.7970,AXES,0=0.5429,1=0.3143,2=0.0000,3=0.0000,4=0.0000,5=0.0000,BUTTONS,1=0,2=0,3=0,4=0,5=0
4.8170,AXES,0=0.5429,1=0.3143,2=0.0000,3=0.0000,4=0.0000,5=0.0000,BUTTONS,1=0,2=0,3=0,4=0,5=0
4.8371,AXES,0=0.5429,1=0.3143,2=0.0000,3=0.0000,4=0.0000,5=0.0000,BUTTONS,1=0,2=0,3=0,4=0,5=0
4.8574,AXES,0=0.5429,1=0.3143,2=0.0000,3=0.0000,4=0.0000,5=0.0000,BUTTONS,1=0,2=0,3=0,4=0,5=0
4.8775,AXES,0=0.5429,1=0.3143,2=0.0000,3=0.0000,4=0.0000,5=0.0000,BUTTONS,1=0,2=0,3=0,4=0,5=0
4.8978,AXES,0=0.5429,1=0.3143,2=0.0000,3=0.0000,4=0.0000,5=0.0000,BUTTONS,1=0,2=0,3=0,4=0,5=0
4.9179,AXES,0=0.5429,1=0.3143,2=0.0000,3=0.0000,4=0.0000,5=0.0000,BUTTONS,1=0,2=0,3=0,4=0,5=0
4.9381,AXES,0=0.5429,1=0.3143,2=0.0000,3=0.0000,4=0.0000,5=0.0000,BUTTONS,1=0,2=0,3=0,4=0,5=0
4.9582,AXES,0=0.5429,1=0.3143,2=0.0000,3=0.0000,4=0.0000,5=0.0000,BUTTONS,1=0,2=0,3=0,4=0,5=0
4.9783,AXES,0=0.5429,1=0.3143,2=0.0000,3=0.0000,4=0.0000,5=0.0000,BUTTONS,1=0,2=0,3=0,4=0,5=0
4.9984,AXES,0=0.5429,1=0.3143,2=0.0000,3=0.0000,4=0.0000,5=0.0000,BUTTONS,1=0,2=0,3=0,4=0,5=0
5.0186,AXES,0=0.5429,1=0.3143,2=0.0000,3=0.0000,4=0.0000,5=0.0000,BUTTONS,1=0,2=0,3=0,4=0,5=0
5.0387,AXES,0=0.5429,1=0.3143,2=0.0000,3=0.0000,4=0.0000,5=0.0000,BUTTONS,1=0,2=0,3=0,4=0,5=0
5.0589,AXES,0=0.5429,1=0.3143,2=0.0000,3=0.0000,4=0.0000,5=0.0000,BUTTONS,1=0,2=0,3=0,4=0,5=0
5.0790,AXES,0=0.5429,1=0.3143,2=0.0000,3=0.0000,4=0.0000,5=0.0000,BUTTONS,1=0,2=0,3=0,4=0,5=0
5.0992,AXES,0=0.5429,1=0.3143,2=0.0000,3=0.0000,4=0.0000,5=0.0000,BUTTONS,1=0,2=0,3=0,4=0,5=0
5.1193,AXES,0=0.5429,1=0.3143,2=0.0000,3=0.0000,4=0.0000,5=0.0000,BUTTONS,1=0,2=0,3=0,4=0,5=0
5.1394,AXES,0=0.5429,1=0.3143,2=0.0000,3=0.0000,4=0.0000,5=0.0000,BUTTONS,1=0,2=0,3=0,4=0,5=0
5.1595,AXES,0=0.5429,1=0.3143,2=0.0000,3=0.0000,4=0.0000,5=0.0000,BUTTONS,1=0,2=0,3=0,4=0,5=0
5.1797,AXES,0=0.5429,1=0.3143,2=0.0000,3=0.0000,4=0.0000,5=0.0000,BUTTONS,1=0,2=0,3=0,4=0,5=0
5.1999,AXES,0=0.5429,1=0.3143,2=0.0000,3=0.0000,4=0.0000,5=0.0000,BUTTONS,1=0,2=0,3=0,4=0,5=0
5.2200,AXES,0=0.5429,1=0.3143,2=0.0000,3=0.0000,4=0.0000,5=0.0000,BUTTONS,1=0,2=0,3=0,4=0,5=0
5.2402,AXES,0=0.5429,1=0.3143,2=0.0000,3=0.0000,4=0.0000,5=0.0000,BUTTONS,1=0,2=0,3=0,4=0,5=0
5.2603,AXES,0=0.5429,1=0.3143,2=0.0000,3=0.0000,4=0.0000,5=0.0000,BUTTONS,1=0,2=0,3=0,4=0,5=0
5.2805,AXES,0=0.5429,1=0.3143,2=0.0000,3=0.0000,4=0.0000,5=0.0000,BUTTONS,1=0,2=0,3=0,4=0,5=0
5.3006,AXES,0=0.5429,1=0.3143,2=0.0000,3=0.0000,4=0.0000,5=0.0000,BUTTONS,1=0,2=0,3=0,4=0,5=0
5.3207,AXES,0=0.5429,1=0.3143,2=0.0000,3=0.0000,4=0.0000,5=0.0000,BUTTONS,1=0,2=0,3=0,4=0,5=0
5.3408,AXES,0=0.5429,1=0.3143,2=0.0000,3=0.0000,4=0.0000,5=0.0000,BUTTONS,1=0,2=0,3=0,4=0,5=0
5.3610,AXES,0=0.5429,1=0.3143,2=0.0000,3=0.0000,4=0.0000,5=0.0000,BUTTONS,1=0,2=0,3=0,4=0,5=0
5.3814,AXES,0=0.5429,1=0.3143,2=0.0000,3=0.0000,4=0.0000,5=0.0000,BUTTONS,1=0,2=0,3=0,4=0,5=0
5.4013,AXES,0=0.5429,1=0.3143,2=0.0000,3=0.0000,4=0.0000,5=0.0000,BUTTONS,1=0,2=0,3=0,4=0,5=0
5.4214,AXES,0=0.5429,1=0.3143,2=0.0000,3=0.0000,4=0.0000,5=0.0000,BUTTONS,1=0,2=0,3=0,4=0,5=0
5.4416,AXES,0=0.5429,1=0.3143,2=0.0000,3=0.0000,4=0.0000,5=0.0000,BUTTONS,1=0,2=0,3=0,4=0,5=0
5.4617,AXES,0=0.5429,1=0.3143,2=0.0000,3=0.0000,4=0.0000,5=0.0000,BUTTONS,1=0,2=0,3=0,4=0,5=0
5.4818,AXES,0=0.5429,1=0.3143,2=0.0000,3=0.0000,4=0.0000,5=0.0000,BUTTONS,1=0,2=0,3=0,4=0,5=0
5.5019,AXES,0=0.5429,1=0.3143,2=0.0000,3=0.0000,4=0.0000,5=0.0000,BUTTONS,1=0,2=0,3=0,4=0,5=0
5.5222,AXES,0=0.5429,1=0.3143,2=0.0000,3=0.0000,4=0.0000,5=0.0000,BUTTONS,1=0,2=0,3=0,4=0,5=0
5.5423,AXES,0=0.5429,1=0.3143,2=0.0000,3=0.0000,4=0.0000,5=0.0000,BUTTONS,1=0,2=0,3=0,4=0,5=0
5.5624,AXES,0=0.5429,1=0.3143,2=0.0000,3=0.0000,4=0.0000,5=0.0000,BUTTONS,1=0,2=0,3=0,4=0,5=0
5.5824,AXES,0=0.5429,1=0.3143,2=0.0000,3=0.0000,4=0.0000,5=0.0000,BUTTONS,1=0,2=0,3=0,4=0,5=0
5.6027,AXES,0=0.5429,1=0.3143,2=0.0000,3=0.0000,4=0.0000,5=0.0000,BUTTONS,1=0,2=0,3=0,4=0,5=0
5.6227,AXES,0=0.5429,1=0.3143,2=0.0000,3=0.0000,4=0.0000,5=0.0000,BUTTONS,1=0,2=0,3=0,4=0,5=0
5.6429,AXES,0=0.5429,1=0.3143,2=0.0000,3=0.0000,4=0.0000,5=0.0000,BUTTONS,1=0,2=0,3=0,4=0,5=0
5.6631,AXES,0=0.5429,1=0.3143,2=0.0000,3=0.0000,4=0.0000,5=0.0000,BUTTONS,1=0,2=0,3=0,4=0,5=0
5.6833,AXES,0=0.5429,1=0.3143,2=0.0000,3=0.0000,4=0.0000,5=0.0000,BUTTONS,1=0,2=0,3=0,4=0,5=0
5.7034,AXES,0=0.5429,1=0.3143,2=0.0000,3=0.0000,4=0.0000,5=0.0000,BUTTONS,1=0,2=0,3=0,4=0,5=0
5.7234,AXES,0=0.5429,1=0.3143,2=0.0000,3=0.0000,4=0.0000,5=0.0000,BUTTONS,1=0,2=0,3=0,4=0,5=0
5.7439,AXES,0=0.5429,1=0.3143,2=0.0000,3=0.0000,4=0.0000,5=0.0000,BUTTONS,1=0,2=0,3=0,4=0,5=0
5.7639,AXES,0=0.5429,1=0.3143,2=0.0000,3=0.0000,4=0.0000,5=0.0000,BUTTONS,1=0,2=0,3=0,4=0,5=0
5.7842,AXES,0=0.5429,1=0.3143,2=0.0000,3=0.0000,4=0.0000,5=0.0000,BUTTONS,1=0,2=0,3=0,4=0,5=0
5.8042,AXES,0=0.5429,1=0.3143,2=0.0000,3=0.0000,4=0.0000,5=0.0000,BUTTONS,1=0,2=0,3=0,4=0,5=0
5.8243,AXES,0=0.5429,1=0.3143,2=0.0000,3=0.0000,4=0.0000,5=0.0000,BUTTONS,1=0,2=0,3=0,4=0,5=0
5.8445,AXES,0=0.5429,1=0.3143,2=0.0000,3=0.0000,4=0.0000,5=0.0000,BUTTONS,1=0,2=0,3=0,4=0,5=0
5.8647,AXES,0=0.5429,1=0.3143,2=0.0000,3=0.0000,4=0.0000,5=0.0000,BUTTONS,1=0,2=0,3=0,4=0,5=0
5.8848,AXES,0=0.5429,1=0.3143,2=0.0000,3=0.0000,4=0.0000,5=0.0000,BUTTONS,1=0,2=0,3=0,4=0,5=0
5.9049,AXES,0=0.5429,1=0.3143,2=0.0000,3=0.0000,4=0.0000,5=0.0000,BUTTONS,1=0,2=0,3=0,4=0,5=0
5.9252,AXES,0=0.5429,1=0.3143,2=0.0000,3=0.0000,4=0.0000,5=0.0000,BUTTONS,1=0,2=0,3=0,4=0,5=0
5.9453,AXES,0=0.5429,1=0.3143,2=0.0000,3=0.0000,4=0.0000,5=0.0000,BUTTONS,1=0,2=0,3=0,4=0,5=0
5.9654,AXES,0=0.5429,1=0.3143,2=0.0000,3=0.0000,4=0.0000,5=0.0000,BUTTONS,1=0,2=0,3=0,4=0,5=0
5.9855,AXES,0=0.5429,1=0.3143,2=0.0000,3=0.0000,4=0.0000,5=0.0000,BUTTONS,1=0,2=0,3=0,4=0,5=0
6.0057,AXES,0=0.5429,1=0.3143,2=0.0000,3=0.0000,4=0.0000,5=0.0000,BUTTONS,1=0,2=0,3=0,4=0,5=0
6.0259,AXES,0=0.5429,1=0.3143,2=0.0000,3=0.0000,4=0.0000,5=0.0000,BUTTONS,1=0,2=0,3=0,4=0,5=0
6.0460,AXES,0=0.5429,1=0.3143,2=0.0000,3=0.0000,4=0.0000,5=0.0000,BUTTONS,1=0,2=0,3=0,4=0,5=0
6.0662,AXES,0=0.5429,1=0.3143,2=0.0000,3=0.0000,4=0.0000,5=0.0000,BUTTONS,1=0,2=0,3=0,4=0,5=0
6.0865,AXES,0=0.5429,1=0.3143,2=0.0000,3=0.0000,4=0.0000,5=0.0000,BUTTONS,1=0,2=0,3=0,4=0,5=0
6.1065,AXES,0=0.5429,1=0.3143,2=0.0000,3=0.0000,4=0.0000,5=0.0000,BUTTONS,1=0,2=0,3=0,4=0,5=0
6.1268,AXES,0=0.5429,1=0.3143,2=0.0000,3=0.0000,4=0.0000,5=0.0000,BUTTONS,1=0,2=0,3=0,4=0,5=0
6.1468,AXES,0=0.5429,1=0.3143,2=0.0000,3=0.0000,4=0.0000,5=0.0000,BUTTONS,1=0,2=0,3=0,4=0,5=0
6.1669,AXES,0=0.5429,1=0.3143,2=0.0000,3=0.0000,4=0.0000,5=0.0000,BUTTONS,1=0,2=0,3=0,4=0,5=0
6.1872,AXES,0=0.5429,1=0.3143,2=0.0000,3=0.0000,4=0.0000,5=0.0000,BUTTONS,1=0,2=0,3=0,4=0,5=0
6.2072,AXES,0=0.5429,1=0.3143,2=0.0000,3=0.0000,4=0.0000,5=0.0000,BUTTONS,1=0,2=0,3=0,4=0,5=0
6.2274,AXES,0=0.5429,1=0.3143,2=0.0000,3=0.0000,4=0.0000,5=0.0000,BUTTONS,1=0,2=0,3=0,4=0,5=0
6.2476,AXES,0=0.5429,1=0.3143,2=0.0000,3=0.0000,4=0.0000,5=0.0000,BUTTONS,1=0,2=0,3=0,4=0,5=0
6.2676,AXES,0=0.5429,1=0.3143,2=0.0000,3=0.0000,4=0.0000,5=0.0000,BUTTONS,1=0,2=0,3=0,4=0,5=0
6.2878,AXES,0=0.5429,1=0.3143,2=0.0000,3=0.0000,4=0.0000,5=0.0000,BUTTONS,1=0,2=0,3=0,4=0,5=0
6.3079,AXES,0=0.5429,1=0.3143,2=0.0000,3=0.0000,4=0.0000,5=0.0000,BUTTONS,1=0,2=0,3=0,4=0,5=0
6.3282,AXES,0=0.5429,1=0.3143,2=0.0000,3=0.0000,4=0.0000,5=0.0000,BUTTONS,1=0,2=0,3=0,4=0,5=0
6.3483,AXES,0=0.5429,1=0.3143,2=0.0000,3=0.0000,4=0.0000,5=0.0000,BUTTONS,1=0,2=0,3=0,4=0,5=0
6.3683,AXES,0=0.5429,1=0.3143,2=0.0000,3=0.0000,4=0.0000,5=0.0000,BUTTONS,1=0,2=0,3=0,4=0,5=0
6.3885,AXES,0=0.5429,1=0.3143,2=0.0000,3=0.0000,4=0.0000,5=0.0000,BUTTONS,1=0,2=0,3=0,4=0,5=0
6.4087,AXES,0=0.5429,1=0.3143,2=0.0000,3=0.0000,4=0.0000,5=0.0000,BUTTONS,1=0,2=0,3=0,4=0,5=0
6.4288,AXES,0=0.5429,1=0.3143,2=0.0000,3=0.0000,4=0.0000,5=0.0000,BUTTONS,1=0,2=0,3=0,4=0,5=0
6.4488,AXES,0=0.5429,1=0.3143,2=0.0000,3=0.0000,4=0.0000,5=0.0000,BUTTONS,1=0,2=0,3=0,4=0,5=0
6.4690,AXES,0=0.5429,1=0.3143,2=0.0000,3=0.0000,4=0.0000,5=0.0000,BUTTONS,1=0,2=0,3=0,4=0,5=0
6.4892,AXES,0=0.5429,1=0.3143,2=0.0000,3=0.0000,4=0.0000,5=0.0000,BUTTONS,1=0,2=0,3=0,4=0,5=0
6.5094,AXES,0=0.5429,1=0.3143,2=0.0000,3=0.0000,4=0.0000,5=0.0000,BUTTONS,1=0,2=0,3=0,4=0,5=0
6.5294,AXES,0=0.5429,1=0.3143,2=0.0000,3=0.0000,4=0.0000,5=0.0000,BUTTONS,1=0,2=0,3=0,4=0,5=0
6.5496,AXES,0=0.5429,1=0.3143,2=0.0000,3=0.0000,4=0.0000,5=0.0000,BUTTONS,1=0,2=0,3=0,4=0,5=0
6.5697,AXES,0=0.5429,1=0.3143,2=0.0000,3=0.0000,4=0.0000,5=0.0000,BUTTONS,1=0,2=0,3=0,4=0,5=0
6.5898,AXES,0=0.5429,1=0.3143,2=0.0000,3=0.0000,4=0.0000,5=0.0000,BUTTONS,1=0,2=0,3=0,4=0,5=0
6.6100,AXES,0=0.5429,1=0.3143,2=0.0000,3=0.0000,4=0.0000,5=0.0000,BUTTONS,1=0,2=0,3=0,4=0,5=0
6.6301,AXES,0=0.5429,1=0.3143,2=0.0000,3=0.0000,4=0.0000,5=0.0000,BUTTONS,1=0,2=0,3=0,4=0,5=0
6.6503,AXES,0=0.5429,1=0.3143,2=0.0000,3=0.0000,4=0.0000,5=0.0000,BUTTONS,1=0,2=0,3=0,4=0,5=0
6.6704,AXES,0=0.5429,1=0.3143,2=0.0000,3=0.0000,4=0.0000,5=0.0000,BUTTONS,1=0,2=0,3=0,4=0,5=0
6.6906,AXES,0=0.5429,1=0.3143,2=0.0000,3=0.0000,4=0.0000,5=0.0000,BUTTONS,1=0,2=0,3=0,4=0,5=0
6.7107,AXES,0=0.5429,1=0.3143,2=0.0000,3=0.0000,4=0.0000,5=0.0000,BUTTONS,1=0,2=0,3=0,4=0,5=0
6.7307,AXES,0=0.5429,1=0.3143,2=0.0000,3=0.0000,4=0.0000,5=0.0000,BUTTONS,1=0,2=0,3=0,4=0,5=0
6.7510,AXES,0=0.5429,1=0.3143,2=0.0000,3=0.0000,4=0.0000,5=0.0000,BUTTONS,1=0,2=0,3=0,4=0,5=0
6.7711,AXES,0=0.5429,1=0.3143,2=0.0000,3=0.0000,4=0.0000,5=0.0000,BUTTONS,1=0,2=0,3=0,4=0,5=0
6.7912,AXES,0=0.5429,1=0.3143,2=0.0000,3=0.0000,4=0.0000,5=0.0000,BUTTONS,1=0,2=0,3=0,4=0,5=0
6.8114,AXES,0=0.5429,1=0.3143,2=0.0000,3=0.0000,4=0.0000,5=0.0000,BUTTONS,1=0,2=0,3=0,4=0,5=0
6.8314,AXES,0=0.5429,1=0.3143,2=0.0000,3=0.0000,4=0.0000,5=0.0000,BUTTONS,1=0,2=0,3=0,4=0,5=0
6.8515,AXES,0=0.5429,1=0.3143,2=0.0000,3=0.0000,4=0.0000,5=0.0000,BUTTONS,1=0,2=0,3=0,4=0,5=0
6.8718,AXES,0=0.5429,1=0.3143,2=0.0000,3=0.0000,4=0.0000,5=0.0000,BUTTONS,1=0,2=0,3=0,4=0,5=0
6.8921,AXES,0=0.5429,1=0.3143,2=0.0000,3=0.0000,4=0.0000,5=0.0000,BUTTONS,1=0,2=0,3=0,4=0,5=0
6.9120,AXES,0=0.5429,1=0.3143,2=0.0000,3=0.0000,4=0.0000,5=0.0000,BUTTONS,1=0,2=0,3=0,4=0,5=0
6.9322,AXES,0=0.5429,1=0.3143,2=0.0000,3=0.0000,4=0.0000,5=0.0000,BUTTONS,1=0,2=0,3=0,4=0,5=0
6.9522,AXES,0=0.5429,1=0.3143,2=0.0000,3=0.0000,4=0.0000,5=0.0000,BUTTONS,1=0,2=0,3=0,4=0,5=0
6.9724,AXES,0=0.5429,1=0.3143,2=0.0000,3=0.0000,4=0.0000,5=0.0000,BUTTONS,1=0,2=0,3=0,4=0,5=0
6.9929,AXES,0=0.5429,1=0.3143,2=0.0000,3=0.0000,4=0.0000,5=0.0000,BUTTONS,1=0,2=0,3=0,4=0,5=0
7.0129,AXES,0=0.5429,1=0.3143,2=0.0000,3=0.0000,4=0.0000,5=0.0000,BUTTONS,1=0,2=0,3=0,4=0,5=0
7.0328,AXES,0=0.5429,1=0.3143,2=0.0000,3=0.0000,4=0.0000,5=0.0000,BUTTONS,1=0,2=0,3=0,4=0,5=0
7.0530,AXES,0=0.5429,1=0.3143,2=0.0000,3=0.0000,4=0.0000,5=0.0000,BUTTONS,1=0,2=0,3=0,4=0,5=0
7.0732,AXES,0=0.5429,1=0.3143,2=0.0000,3=0.0000,4=0.0000,5=0.0000,BUTTONS,1=0,2=0,3=0,4=0,5=0
7.0932,AXES,0=0.5429,1=0.3143,2=0.0000,3=0.0000,4=0.0000,5=0.0000,BUTTONS,1=0,2=0,3=0,4=0,5=0
7.1134,AXES,0=0.5429,1=0.3143,2=0.0000,3=0.0000,4=0.0000,5=0.0000,BUTTONS,1=0,2=0,3=0,4=0,5=0
7.1337,AXES,0=0.5429,1=0.3143,2=0.0000,3=0.0000,4=0.0000,5=0.0000,BUTTONS,1=0,2=0,3=0,4=0,5=0
7.1538,AXES,0=0.5429,1=0.3143,2=0.0000,3=0.0000,4=0.0000,5=0.0000,BUTTONS,1=0,2=0,3=0,4=0,5=0
7.1738,AXES,0=0.5429,1=0.3143,2=0.0000,3=0.0000,4=0.0000,5=0.0000,BUTTONS,1=0,2=0,3=0,4=0,5=0
7.1940,AXES,0=0.5429,1=0.3143,2=0.0000,3=0.0000,4=0.0000,5=0.0000,BUTTONS,1=0,2=0,3=0,4=0,5=0
7.2146,AXES,0=0.5429,1=0.3143,2=0.0000,3=0.0000,4=0.0000,5=0.0000,BUTTONS,1=0,2=0,3=0,4=0,5=0
7.2345,AXES,0=0.5429,1=0.3143,2=0.0000,3=0.0000,4=0.0000,5=0.0000,BUTTONS,1=0,2=0,3=0,4=0,5=0
7.2545,AXES,0=0.5429,1=0.3143,2=0.0000,3=0.0000,4=0.0000,5=0.0000,BUTTONS,1=0,2=0,3=0,4=0,5=0
7.2747,AXES,0=0.5429,1=0.3143,2=0.0000,3=0.0000,4=0.0000,5=0.0000,BUTTONS,1=0,2=0,3=0,4=0,5=0
7.2948,AXES,0=0.5429,1=0.3143,2=0.0000,3=0.0000,4=0.0000,5=0.0000,BUTTONS,1=0,2=0,3=0,4=0,5=0
7.3150,AXES,0=0.5429,1=0.3143,2=0.0000,3=0.0000,4=0.0000,5=0.0000,BUTTONS,1=0,2=0,3=0,4=0,5=0
7.3350,AXES,0=0.5429,1=0.3143,2=0.0000,3=0.0000,4=0.0000,5=0.0000,BUTTONS,1=0,2=0,3=0,4=0,5=0
7.3552,AXES,0=0.5429,1=0.3143,2=0.0000,3=0.0000,4=0.0000,5=0.0000,BUTTONS,1=0,2=0,3=0,4=0,5=0
7.3754,AXES,0=0.5429,1=0.3143,2=0.0000,3=0.0000,4=0.0000,5=0.0000,BUTTONS,1=0,2=0,3=0,4=0,5=0
7.3955,AXES,0=0.5429,1=0.3143,2=0.0000,3=0.0000,4=0.0000,5=0.0000,BUTTONS,1=0,2=0,3=0,4=0,5=0
7.4157,AXES,0=0.5429,1=0.3143,2=0.0000,3=0.0000,4=0.0000,5=0.0000,BUTTONS,1=0,2=0,3=0,4=0,5=0
7.4357,AXES,0=0.5429,1=0.3143,2=0.0000,3=0.0000,4=0.0000,5=0.0000,BUTTONS,1=0,2=0,3=0,4=0,5=0
7.4559,AXES,0=0.5429,1=0.3143,2=0.0000,3=0.0000,4=0.0000,5=0.0000,BUTTONS,1=0,2=0,3=0,4=0,5=0
7.4760,AXES,0=0.5429,1=0.3143,2=0.0000,3=0.0000,4=0.0000,5=0.0000,BUTTONS,1=0,2=0,3=0,4=0,5=0
7.4962,AXES,0=0.5429,1=0.3143,2=0.0000,3=0.0000,4=0.0000,5=0.0000,BUTTONS,1=0,2=0,3=0,4=0,5=0
7.5165,AXES,0=0.5429,1=0.3143,2=0.0000,3=0.0000,4=0.0000,5=0.0000,BUTTONS,1=0,2=0,3=0,4=0,5=0
7.5365,AXES,0=0.5429,1=0.3143,2=0.0000,3=0.0000,4=0.0000,5=0.0000,BUTTONS,1=0,2=0,3=0,4=0,5=0
7.5566,AXES,0=0.5429,1=0.3143,2=0.0000,3=0.0000,4=0.0000,5=0.0000,BUTTONS,1=0,2=0,3=0,4=0,5=0
7.5769,AXES,0=0.5429,1=0.3143,2=0.0000,3=0.0000,4=0.0000,5=0.0000,BUTTONS,1=0,2=0,3=0,4=0,5=0
7.5970,AXES,0=0.5429,1=0.3143,2=0.0000,3=0.0000,4=0.0000,5=0.0000,BUTTONS,1=0,2=0,3=0,4=0,5=0
7.6172,AXES,0=0.5429,1=0.3143,2=0.0000,3=0.0000,4=0.0000,5=0.0000,BUTTONS,1=0,2=0,3=0,4=0,5=0
7.6372,AXES,0=0.5429,1=0.3143,2=0.0000,3=0.0000,4=0.0000,5=0.0000,BUTTONS,1=0,2=0,3=0,4=0,5=0
7.6573,AXES,0=0.5429,1=0.3143,2=0.0000,3=0.0000,4=0.0000,5=0.0000,BUTTONS,1=0,2=0,3=0,4=0,5=0
7.6776,AXES,0=0.5429,1=0.3143,2=0.0000,3=0.0000,4=0.0000,5=0.0000,BUTTONS,1=0,2=0,3=0,4=0,5=0
7.6977,AXES,0=0.5429,1=0.3143,2=0.0000,3=0.0000,4=0.0000,5=0.0000,BUTTONS,1=0,2=0,3=0,4=0,5=0
7.7179,AXES,0=0.5429,1=0.3143,2=0.0000,3=0.0000,4=0.0000,5=0.0000,BUTTONS,1=0,2=0,3=0,4=0,5=0
7.7380,AXES,0=0.5429,1=0.3143,2=0.0000,3=0.0000,4=0.0000,5=0.0000,BUTTONS,1=0,2=0,3=0,4=0,5=0
7.7582,AXES,0=0.5429,1=0.3143,2=0.0000,3=0.0000,4=0.0000,5=0.0000,BUTTONS,1=0,2=0,3=0,4=0,5=0
7.7784,AXES,0=0.5429,1=0.3143,2=0.0000,3=0.0000,4=0.0000,5=0.0000,BUTTONS,1=0,2=0,3=0,4=0,5=0
7.7985,AXES,0=0.5429,1=0.3143,2=0.0000,3=0.0000,4=0.0000,5=0.0000,BUTTONS,1=0,2=0,3=0,4=0,5=0
7.8188,AXES,0=0.5429,1=0.3143,2=0.0000,3=0.0000,4=0.0000,5=0.0000,BUTTONS,1=0,2=0,3=0,4=0,5=0
7.8390,AXES,0=0.5429,1=0.3143,2=0.0000,3=0.0000,4=0.0000,5=0.0000,BUTTONS,1=0,2=0,3=0,4=0,5=0
7.8589,AXES,0=0.5429,1=0.3143,2=0.0000,3=0.0000,4=0.0000,5=0.0000,BUTTONS,1=0,2=0,3=0,4=0,5=0
7.8790,AXES,0=0.5429,1=0.3143,2=0.0000,3=0.0000,4=0.0000,5=0.0000,BUTTONS,1=0,2=0,3=0,4=0,5=0
7.8992,AXES,0=0.5429,1=0.3143,2=0.0000,3=0.0000,4=0.0000,5=0.0000,BUTTONS,1=0,2=0,3=0,4=0,5=0
7.9196,AXES,0=0.5429,1=0.3143,2=0.0000,3=0.0000,4=0.0000,5=0.0000,BUTTONS,1=0,2=0,3=0,4=0,5=0
7.9397,AXES,0=0.5429,1=0.3143,2=0.0000,3=0.0000,4=0.0000,5=0.0000,BUTTONS,1=0,2=0,3=0,4=0,5=0
7.9598,AXES,0=0.5429,1=0.3143,2=0.0000,3=0.0000,4=0.0000,5=0.0000,BUTTONS,1=0,2=0,3=0,4=0,5=0
7.9798,AXES,0=0.5429,1=0.3143,2=0.0000,3=0.0000,4=0.0000,5=0.0000,BUTTONS,1=0,2=0,3=0,4=0,5=0
7.9999,AXES,0=0.5429,1=0.3143,2=0.0000,3=0.0000,4=0.0000,5=0.0000,BUTTONS,1=0,2=0,3=0,4=0,5=0
